Step,Loss
0,0.15017417073249817
1,0.3386297821998596
2,0.09534761309623718
3,0.21113625168800354
4,0.3282533884048462
5,0.16604755818843842
6,0.14877963066101074
7,0.18759790062904358
8,0.25002139806747437
9,0.22161436080932617
10,0.13606815040111542
11,0.2085273712873459
12,0.14882738888263702
13,0.17544440925121307
14,0.19316299259662628
15,0.20656894147396088
16,0.22963301837444305
17,0.12292758375406265
18,0.2610279619693756
19,0.2243349403142929
20,0.12097219377756119
21,0.1495162695646286
22,0.18676379323005676
23,0.28531885147094727
24,0.11080312728881836
25,0.18990980088710785
26,0.07280071824789047
27,0.16581450402736664
28,0.1102668046951294
29,0.14415037631988525
30,0.16228939592838287
31,0.2076783925294876
32,0.13768289983272552
33,0.08722475171089172
34,0.0923319086432457
35,0.1376790851354599
36,0.11629827320575714
37,0.24505582451820374
38,0.13946235179901123
39,0.20861808955669403
40,0.17799586057662964
41,0.052544236183166504
42,0.11063136905431747
43,0.21384266018867493
44,0.19893546402454376
45,0.14703889191150665
46,0.17297986149787903
47,0.2181122750043869
48,0.09681713581085205
49,0.3075466752052307
50,0.15389728546142578
51,0.11308848112821579
52,0.25986918807029724
53,0.1044674888253212
54,0.1738593429327011
55,0.11614348739385605
56,0.07566791027784348
57,0.11451953649520874
58,0.19973264634609222
59,0.18575529754161835
60,0.1308407187461853
61,0.33521828055381775
62,0.1685703843832016
63,0.12334119528532028
64,0.14793720841407776
65,0.1444256752729416
66,0.12050914764404297
67,0.1513742059469223
68,0.16154491901397705
69,0.07701456546783447
70,0.1575683206319809
71,0.12085071951150894
72,0.17478422820568085
73,0.17628483474254608
74,0.14420448243618011
75,0.13398264348506927
76,0.13322751224040985
77,0.15658320486545563
78,0.09421679377555847
79,0.11916744709014893
80,0.048999588936567307
81,0.09608172625303268
82,0.03346407040953636
83,0.11045534908771515
84,0.08268029242753983
85,0.1511046141386032
86,0.09649773687124252
87,0.16081292927265167
88,0.1480334997177124
89,0.12508809566497803
90,0.12154277414083481
91,0.1325514167547226
92,0.12512463331222534
93,0.08265738934278488
94,0.11419037729501724
95,0.18990761041641235
96,0.16197609901428223
97,0.04952961206436157
98,0.2241189032793045
99,0.07842787355184555
100,0.07980140298604965
101,0.1336067020893097
102,0.15071646869182587
103,0.18570400774478912
104,0.15497355163097382
105,0.11793521791696548
106,0.12504780292510986
107,0.08063475042581558
108,0.1395358294248581
109,0.21169963479042053
110,0.2879692018032074
111,0.17682050168514252
112,0.08384855091571808
113,0.11755184084177017
114,0.1273801475763321
115,0.08738537132740021
116,0.13194695115089417
117,0.09191034734249115
118,0.11475875228643417
119,0.15847468376159668
120,0.2113223522901535
121,0.1309339702129364
122,0.15696723759174347
123,0.11991124600172043
124,0.25743454694747925
125,0.12899146974086761
126,0.12765787541866302
127,0.091194748878479
128,0.09449054300785065
129,0.12845751643180847
130,0.22458641231060028
131,0.09756065905094147
132,0.28378063440322876
133,0.050883449614048004
134,0.22110047936439514
135,0.26460567116737366
136,0.12855951488018036
137,0.27413448691368103
138,0.10763002932071686
139,0.05934713035821915
140,0.20774231851100922
141,0.03144531324505806
142,0.1722532957792282
143,0.08648287504911423
144,0.09394746273756027
145,0.26930561661720276
146,0.12513625621795654
147,0.09677183628082275
148,0.10901208221912384
149,0.08548248559236526
150,0.10086847841739655
151,0.07606758177280426
152,0.09293345361948013
153,0.1296721249818802
154,0.07223448902368546
155,0.12644244730472565
156,0.2393299788236618
157,0.16312192380428314
158,0.10081686824560165
159,0.1122436672449112
160,0.06366705894470215
161,0.05134827643632889
162,0.11868438869714737
163,0.09857442229986191
164,0.10296020656824112
165,0.25352776050567627
166,0.05044098570942879
167,0.06042599305510521
168,0.23997440934181213
169,0.2923140227794647
170,0.13794651627540588
171,0.06809978932142258
172,0.1249358057975769
173,0.0651610866189003
174,0.17524674534797668
175,0.2618039846420288
176,0.12645433843135834
177,0.17230167984962463
178,0.14542055130004883
179,0.15303510427474976
180,0.18412086367607117
181,0.13152435421943665
182,0.116587795317173
183,0.15369105339050293
184,0.08916506916284561
185,0.18081165850162506
186,0.10656193643808365
187,0.16846972703933716
188,0.12095271795988083
189,0.12092409282922745
190,0.1689918041229248
191,0.15847046673297882
192,0.12740851938724518
193,0.27640610933303833
194,0.05071360990405083
195,0.36037302017211914
196,0.08497592806816101
197,0.12708325684070587
198,0.09373712539672852
199,0.0703406035900116
200,0.0757995992898941
201,0.10419382154941559
202,0.08933284878730774
203,0.05380977317690849
204,0.11600010842084885
205,0.03811424598097801
206,0.06578463315963745
207,0.10827486962080002
208,0.11522676795721054
209,0.20071792602539062
210,0.27027440071105957
211,0.06746598333120346
212,0.15397095680236816
213,0.14005087316036224
214,0.2548392713069916
215,0.141703799366951
216,0.0784449353814125
217,0.0998963788151741
218,0.2020590603351593
219,0.22563283145427704
220,0.3084667921066284
221,0.1826065480709076
222,0.09072095155715942
223,0.15802781283855438
224,0.10699250549077988
225,0.24148765206336975
226,0.0876186266541481
227,0.16971276700496674
228,0.1896618753671646
229,0.11417791992425919
230,0.08238634467124939
231,0.09461398422718048
232,0.09796546399593353
233,0.09088250994682312
234,0.263408362865448
235,0.24905729293823242
236,0.13565213978290558
237,0.15940354764461517
238,0.10930363088846207
239,0.0651635155081749
240,0.052561260759830475
241,0.07176822423934937
242,0.14904934167861938
243,0.12456490099430084
244,0.0827927216887474
245,0.11094031482934952
246,0.20857791602611542
247,0.07615839689970016
248,0.1522350162267685
249,0.09351895749568939
250,0.07014273852109909
251,0.22103703022003174
252,0.04735126718878746
253,0.1029389426112175
254,0.043368350714445114
255,0.10291310399770737
256,0.06791698932647705
257,0.14436030387878418
258,0.18723255395889282
259,0.07180440425872803
260,0.1598372757434845
261,0.10336264222860336
262,0.06046345829963684
263,0.0906631276011467
264,0.08089059591293335
265,0.12619002163410187
266,0.11267931759357452
267,0.09634888172149658
268,0.11335980892181396
269,0.22044777870178223
270,0.10645147413015366
271,0.08550667762756348
272,0.1716924011707306
273,0.06411920487880707
274,0.11775010079145432
275,0.1089697852730751
276,0.0972430631518364
277,0.14759860932826996
278,0.05706549808382988
279,0.08940736204385757
280,0.07537098973989487
281,0.054985225200653076
282,0.02089558355510235
283,0.09256680309772491
284,0.2678698003292084
285,0.05031873658299446
286,0.07385130226612091
287,0.056803930550813675
288,0.08326048403978348
289,0.21923814713954926
290,0.057042550295591354
291,0.19629879295825958
292,0.06172065809369087
293,0.21799401938915253
294,0.14254997670650482
295,0.06819739192724228
296,0.1366264969110489
297,0.13108877837657928
298,0.07836112380027771
299,0.13121318817138672
300,0.16591230034828186
301,0.09399034082889557
302,0.12147853523492813
303,0.2406420260667801
304,0.10743701457977295
305,0.07793445885181427
306,0.10021509975194931
307,0.11102719604969025
308,0.12750928103923798
309,0.10452505201101303
310,0.25218987464904785
311,0.2056725025177002
312,0.13385707139968872
313,0.07776524871587753
314,0.12766033411026
315,0.09581595659255981
316,0.24665911495685577
317,0.09424197673797607
318,0.14179611206054688
319,0.09144124388694763
320,0.10523048788309097
321,0.058437325060367584
322,0.3122912049293518
323,0.11072242259979248
324,0.09843740612268448
325,0.21224312484264374
326,0.14540526270866394
327,0.36336836218833923
328,0.19780735671520233
329,0.21167941391468048
330,0.07712393999099731
331,0.12637971341609955
332,0.11479251831769943
333,0.033207155764102936
334,0.13675130903720856
335,0.07432269304990768
336,0.17290692031383514
337,0.2675844132900238
338,0.22276440262794495
339,0.13769446313381195
340,0.0737064853310585
341,0.11585783958435059
342,0.12134500592947006
343,0.11800383776426315
344,0.11215811222791672
345,0.12037350237369537
346,0.10901359468698502
347,0.11756264418363571
348,0.30721041560173035
349,0.25222745537757874
350,0.057747092097997665
351,0.14963014423847198
352,0.023537037894129753
353,0.14203812181949615
354,0.14207272231578827
355,0.13269764184951782
356,0.19788305461406708
357,0.04959496483206749
358,0.1670505255460739
359,0.26054269075393677
360,0.126180961728096
361,0.06162533909082413
362,0.09178682416677475
363,0.17041264474391937
364,0.04696381837129593
365,0.171640083193779
366,0.2868131101131439
367,0.3010469973087311
368,0.0652773305773735
369,0.15236897766590118
370,0.060757286846637726
371,0.12220346927642822
372,0.060429882258176804
373,0.20307894051074982
374,0.13770627975463867
375,0.1125907301902771
376,0.16239428520202637
377,0.06733397394418716
378,0.08373779058456421
379,0.09682178497314453
380,0.07713180035352707
381,0.07141759246587753
382,0.10622520744800568
383,0.17095312476158142
384,0.06373907625675201
385,0.13420604169368744
386,0.08382134884595871
387,0.08075019717216492
388,0.12557554244995117
389,0.13101743161678314
390,0.08719366788864136
391,0.07624635845422745
392,0.16258712112903595
393,0.07286306470632553
394,0.06648152321577072
395,0.05961177498102188
396,0.09892099350690842
397,0.1301981508731842
398,0.19774749875068665
399,0.050276320427656174
400,0.2029370814561844
401,0.08981354534626007
402,0.06995701044797897
403,0.12272738665342331
404,0.12660609185695648
405,0.05144088342785835
406,0.12896519899368286
407,0.13527080416679382
408,0.07653813064098358
409,0.12501160800457
410,0.08374413102865219
411,0.14162619411945343
412,0.22923241555690765
413,0.043904002755880356
414,0.14435508847236633
415,0.13871470093727112
416,0.07835164666175842
417,0.1415266990661621
418,0.08645743131637573
419,0.1607624739408493
420,0.26938849687576294
421,0.1739342361688614
422,0.10966133326292038
423,0.07546278089284897
424,0.18211810290813446
425,0.10220500081777573
426,0.1664261668920517
427,0.2125781625509262
428,0.17355011403560638
429,0.13760708272457123
430,0.10089116543531418
431,0.1758057177066803
432,0.1674695760011673
433,0.22395287454128265
434,0.09113295376300812
435,0.09693451970815659
436,0.07903052866458893
437,0.13671353459358215
438,0.12334080040454865
439,0.08088155835866928
440,0.12072517722845078
441,0.02938569150865078
442,0.1531977355480194
443,0.051339853554964066
444,0.21265864372253418
445,0.11990030109882355
446,0.08968707174062729
447,0.10812967270612717
448,0.17301978170871735
449,0.1013353019952774
450,0.03391086682677269
451,0.12291528284549713
452,0.0779879093170166
453,0.17935717105865479
454,0.1084316298365593
455,0.09931038320064545
456,0.11342566460371017
457,0.13858835399150848
458,0.10156191885471344
459,0.1424451768398285
460,0.12526583671569824
461,0.12526339292526245
462,0.1274081915616989
463,0.14998877048492432
464,0.08179765939712524
465,0.1468387097120285
466,0.04383930563926697
467,0.17813730239868164
468,0.13504312932491302
469,0.07192062586545944
470,0.09963314980268478
471,0.06939949095249176
472,0.1314694583415985
473,0.11912119388580322
474,0.1977049708366394
475,0.12766602635383606
476,0.04915283992886543
477,0.2947338819503784
478,0.07900475710630417
479,0.0379226990044117
480,0.13334207236766815
481,0.03654331713914871
482,0.08183195441961288
483,0.2175786942243576
484,0.05866342410445213
485,0.12446778267621994
486,0.1145751029253006
487,0.11632955074310303
488,0.16972701251506805
489,0.03379272669553757
490,0.1030065044760704
491,0.26084962487220764
492,0.1339511126279831
493,0.12324940413236618
494,0.09491875022649765
495,0.09293332695960999
496,0.1411457508802414
497,0.0921255499124527
498,0.08906631916761398
499,0.14166735112667084
500,0.16119569540023804
501,0.10981585085391998
502,0.042408186942338943
503,0.10033738613128662
504,0.07766180485486984
505,0.16091176867485046
506,0.23788249492645264
507,0.09982118755578995
508,0.15394745767116547
509,0.21155814826488495
510,0.11778926104307175
511,0.1957419365644455
512,0.12230207026004791
513,0.0593513548374176
514,0.11149498075246811
515,0.10181482136249542
516,0.14747515320777893
517,0.09729234129190445
518,0.05176661163568497
519,0.15848949551582336
520,0.13308650255203247
521,0.1342780739068985
522,0.13626515865325928
523,0.01897708885371685
524,0.23017552495002747
525,0.11065802723169327
526,0.0846482440829277
527,0.0908554419875145
528,0.0701800212264061
529,0.07767428457736969
530,0.14242224395275116
531,0.1000785380601883
532,0.08359134197235107
533,0.07061436027288437
534,0.11619608849287033
535,0.057332802563905716
536,0.11059428751468658
537,0.06163696199655533
538,0.11986064910888672
539,0.15271730720996857
540,0.14454498887062073
541,0.14342856407165527
542,0.13445459306240082
543,0.07468398660421371
544,0.11564753204584122
545,0.0971560850739479
546,0.09335578233003616
547,0.12941668927669525
548,0.1163293719291687
549,0.13731291890144348
550,0.14440025389194489
551,0.1379614919424057
552,0.10743577778339386
553,0.06086893007159233
554,0.0926561951637268
555,0.1070629358291626
556,0.17027325928211212
557,0.15220317244529724
558,0.09758604317903519
559,0.15474870800971985
560,0.12163095921278
561,0.05310136824846268
562,0.13446910679340363
563,0.12772870063781738
564,0.10775595158338547
565,0.09322067350149155
566,0.22350060939788818
567,0.08346381783485413
568,0.13810746371746063
569,0.06185396388173103
570,0.10084565728902817
571,0.11992037296295166
572,0.11814122647047043
573,0.16232231259346008
574,0.15372242033481598
575,0.09867747873067856
576,0.1729183942079544
577,0.1582503765821457
578,0.06704262644052505
579,0.08009792864322662
580,0.09362081438302994
581,0.04901444911956787
582,0.13245101273059845
583,0.08330924808979034
584,0.2157132476568222
585,0.11067308485507965
586,0.08487614244222641
587,0.10467105358839035
588,0.06274712830781937
589,0.04981201887130737
590,0.12429682165384293
591,0.05109339579939842
592,0.12605762481689453
593,0.08562283962965012
594,0.12344752997159958
595,0.1108124852180481
596,0.19422058761119843
597,0.32007357478141785
598,0.1451004594564438
599,0.13112887740135193
600,0.09418651461601257
601,0.054424989968538284
602,0.08598970621824265
603,0.28129902482032776
604,0.2514607608318329
605,0.10905803740024567
606,0.09207040816545486
607,0.1221446543931961
608,0.1308164894580841
609,0.13831070065498352
610,0.12414956092834473
611,0.1451069563627243
612,0.14234893023967743
613,0.09930004179477692
614,0.10064778476953506
615,0.14403919875621796
616,0.08676666766405106
617,0.09388237446546555
618,0.05330924317240715
619,0.11660947650671005
620,0.10053607076406479
621,0.11142247170209885
622,0.056014854460954666
623,0.19190381467342377
624,0.10580497980117798
625,0.0764559879899025
626,0.16054783761501312
627,0.15708023309707642
628,0.08687767386436462
629,0.1437922865152359
630,0.08658154308795929
631,0.08096173405647278
632,0.11356581747531891
633,0.07836631685495377
634,0.18396513164043427
635,0.044872622936964035
636,0.11436488479375839
637,0.06969361752271652
638,0.06679220497608185
639,0.26067763566970825
640,0.07734188437461853
641,0.17907574772834778
642,0.0743262842297554
643,0.2098250389099121
644,0.21665321290493011
645,0.08333765715360641
646,0.1267118602991104
647,0.16294828057289124
648,0.19460801780223846
649,0.06843536347150803
650,0.14837363362312317
651,0.11780767887830734
652,0.06047297641634941
653,0.11198344081640244
654,0.2309323400259018
655,0.1881866306066513
656,0.14754340052604675
657,0.19481146335601807
658,0.1493341475725174
659,0.11103682965040207
660,0.19338999688625336
661,0.03256161883473396
662,0.0946575328707695
663,0.0893193706870079
664,0.26484939455986023
665,0.05882629379630089
666,0.14297519624233246
667,0.08518677949905396
668,0.169813871383667
669,0.12638548016548157
670,0.1019432321190834
671,0.15837429463863373
672,0.11233623325824738
673,0.11885946989059448
674,0.08665406703948975
675,0.06798538565635681
676,0.09147579967975616
677,0.15353667736053467
678,0.07037798315286636
679,0.23575778305530548
680,0.05814468488097191
681,0.2523125112056732
682,0.08851971477270126
683,0.06854522228240967
684,0.15773892402648926
685,0.14727267622947693
686,0.13415241241455078
687,0.21865716576576233
688,0.09322310984134674
689,0.13050423562526703
690,0.12121301144361496
691,0.12049742043018341
692,0.13806332647800446
693,0.16563041508197784
694,0.0545286200940609
695,0.08492760360240936
696,0.11149808019399643
697,0.14322689175605774
698,0.1162598729133606
699,0.06198990345001221
700,0.07960724085569382
701,0.1006149873137474
702,0.06273116171360016
703,0.1514746993780136
704,0.05346924066543579
705,0.1124701276421547
706,0.1586979627609253
707,0.04892855882644653
708,0.09712399542331696
709,0.09250219911336899
710,0.12813566625118256
711,0.18308734893798828
712,0.10862400382757187
713,0.2274182289838791
714,0.05861512944102287
715,0.0655558630824089
716,0.12306103855371475
717,0.13836351037025452
718,0.1555759161710739
719,0.10557202249765396
720,0.12702028453350067
721,0.14437536895275116
722,0.09410414844751358
723,0.05804542452096939
724,0.06464219093322754
725,0.08732347190380096
726,0.15101385116577148
727,0.10337143391370773
728,0.11793841421604156
729,0.11616498231887817
730,0.1394713670015335
731,0.12276353687047958
732,0.1558939516544342
733,0.10941682010889053
734,0.11644821614027023
735,0.19556720554828644
736,0.1328897327184677
737,0.10979636013507843
738,0.0719980001449585
739,0.02564469911158085
740,0.05440941080451012
741,0.06744510680437088
742,0.08064528554677963
743,0.11264421790838242
744,0.04943890497088432
745,0.2167983502149582
746,0.21635471284389496
747,0.06540661305189133
748,0.06469263136386871
749,0.12904728949069977
750,0.12060651928186417
751,0.03173735737800598
752,0.1941300481557846
753,0.18211977183818817
754,0.10629632323980331
755,0.14141148328781128
756,0.13867691159248352
757,0.07477901130914688
758,0.09096793085336685
759,0.07380246371030807
760,0.1152205839753151
761,0.10902180522680283
762,0.19470767676830292
763,0.029000693932175636
764,0.212382510304451
765,0.11651754379272461
766,0.10798793286085129
767,0.19109927117824554
768,0.060462892055511475
769,0.10959704965353012
770,0.0732332095503807
771,0.14561741054058075
772,0.1018097922205925
773,0.2139396220445633
774,0.0791916772723198
775,0.07313038408756256
776,0.13434036076068878
777,0.13779598474502563
778,0.11452493816614151
779,0.10725357383489609
780,0.21219754219055176
781,0.20396184921264648
782,0.1319420486688614
783,0.13210347294807434
784,0.16490991413593292
785,0.13772210478782654
786,0.1161423921585083
787,0.2084355354309082
788,0.0668841302394867
789,0.0656907930970192
790,0.1489705592393875
791,0.11387520283460617
792,0.06660440564155579
793,0.12227660417556763
794,0.10851931571960449
795,0.10961876064538956
796,0.22903327643871307
797,0.17897549271583557
798,0.14727549254894257
799,0.3263152539730072
800,0.06061200052499771
801,0.2920210063457489
802,0.14400041103363037
803,0.03559309244155884
804,0.054951854050159454
805,0.16409194469451904
806,0.08127035200595856
807,0.09936939179897308
808,0.05791093036532402
809,0.13366389274597168
810,0.13136763870716095
811,0.17009428143501282
812,0.0697687566280365
813,0.06719118356704712
814,0.10136045515537262
815,0.22339487075805664
816,0.12389800697565079
817,0.0805426761507988
818,0.04847712442278862
819,0.13573436439037323
820,0.14522723853588104
821,0.1613907814025879
822,0.0581497959792614
823,0.09041819721460342
824,0.1447679102420807
825,0.035615041851997375
826,0.16971822082996368
827,0.10069111734628677
828,0.048318050801754
829,0.09657073020935059
830,0.06982354074716568
831,0.2406613826751709
832,0.18121406435966492
833,0.08776658028364182
834,0.1855398267507553
835,0.14513491094112396
836,0.07954012602567673
837,0.12642933428287506
838,0.14011864364147186
839,0.19005466997623444
840,0.06268544495105743
841,0.09499897807836533
842,0.11846835911273956
843,0.1793406903743744
844,0.1599738448858261
845,0.04335197061300278
846,0.1915849894285202
847,0.22219347953796387
848,0.10942155122756958
849,0.11201804131269455
850,0.19324305653572083
851,0.11490797996520996
852,0.09908986836671829
853,0.13195472955703735
854,0.10131008923053741
855,0.12329476326704025
856,0.16150520741939545
857,0.07763530313968658
858,0.083292655646801
859,0.07837553322315216
860,0.07215858995914459
861,0.11622774600982666
862,0.09122925251722336
863,0.07215582579374313
864,0.08661741018295288
865,0.13971133530139923
866,0.05343414470553398
867,0.09089826792478561
868,0.09478284418582916
869,0.12211499363183975
870,0.0889495462179184
871,0.13482657074928284
872,0.34074530005455017
873,0.09858661144971848
874,0.11823506653308868
875,0.05792689323425293
876,0.042887862771749496
877,0.06619836390018463
878,0.047075022011995316
879,0.08627301454544067
880,0.0632847473025322
881,0.13779118657112122
882,0.08943493664264679
883,0.08078223466873169
884,0.02850627340376377
885,0.20803962647914886
886,0.09080405533313751
887,0.16920974850654602
888,0.11110251396894455
889,0.1030975803732872
890,0.08503123372793198
891,0.08208584040403366
892,0.13429948687553406
893,0.07616521418094635
894,0.11854930222034454
895,0.09273023903369904
896,0.1390007734298706
897,0.056112613528966904
898,0.07064879685640335
899,0.10011404007673264
900,0.1574232429265976
901,0.16000986099243164
902,0.13384152948856354
903,0.1788347065448761
904,0.0514909029006958
905,0.10100189596414566
906,0.24990692734718323
907,0.13691972196102142
908,0.1106133982539177
909,0.24698291718959808
910,0.046862389892339706
911,0.15156331658363342
912,0.1286897510290146
913,0.14380419254302979
914,0.12670530378818512
915,0.07780661433935165
916,0.13002336025238037
917,0.0755111500620842
918,0.1622687578201294
919,0.06060999631881714
920,0.03668292984366417
921,0.06592320650815964
922,0.04770677909255028
923,0.14799754321575165
924,0.07958852499723434
925,0.10791464895009995
926,0.11317872256040573
927,0.10672914981842041
928,0.09646544605493546
929,0.09739987552165985
930,0.14560869336128235
931,0.12619049847126007
932,0.08399408310651779
933,0.06380398571491241
934,0.1037156730890274
935,0.1153932586312294
936,0.15302927792072296
937,0.09797035157680511
938,0.11897838115692139
939,0.08908151835203171
940,0.11313845217227936
941,0.07893402129411697
942,0.06759660691022873
943,0.14164188504219055
944,0.10937622934579849
945,0.10768993943929672
946,0.07925032079219818
947,0.21327419579029083
948,0.06131356954574585
949,0.10728094726800919
950,0.1190936341881752
951,0.10338413715362549
952,0.12022612243890762
953,0.12360816448926926
954,0.14900758862495422
955,0.08929198980331421
956,0.08556842058897018
957,0.08166459947824478
958,0.06879216432571411
959,0.08480490744113922
960,0.05081896111369133
961,0.15348784625530243
962,0.1021837592124939
963,0.09833746403455734
964,0.11272446066141129
965,0.10540095716714859
966,0.06520120799541473
967,0.056514181196689606
968,0.13153253495693207
969,0.024800268933176994
970,0.07145198434591293
971,0.12290527671575546
972,0.06658192723989487
973,0.07235683500766754
974,0.11165239661931992
975,0.10608559846878052
976,0.14913895726203918
977,0.18988774716854095
978,0.13110116124153137
979,0.12990209460258484
980,0.3478711247444153
981,0.2528468072414398
982,0.08376380056142807
983,0.06700906902551651
984,0.04201314598321915
985,0.11185573786497116
986,0.10550668090581894
987,0.08807576447725296
988,0.06829266995191574
989,0.20088699460029602
990,0.13738252222537994
991,0.12851260602474213
992,0.08744806796312332
993,0.16631565988063812
994,0.06676032394170761
995,0.09465431421995163
996,0.08472268283367157
997,0.1103302463889122
998,0.16526274383068085
999,0.09725812077522278
1000,0.119454525411129
1001,0.06871481239795685
1002,0.15309135615825653
1003,0.08186668902635574
1004,0.1388971358537674
1005,0.16636289656162262
1006,0.08474929630756378
1007,0.1439853012561798
1008,0.197601318359375
1009,0.07681110501289368
1010,0.1557917445898056
1011,0.06300590932369232
1012,0.1876966804265976
1013,0.05537453293800354
1014,0.09678367525339127
1015,0.07060253620147705
1016,0.09313227981328964
1017,0.07668418437242508
1018,0.1490131914615631
1019,0.08195431530475616
1020,0.07872729748487473
1021,0.14198601245880127
1022,0.13376052677631378
1023,0.0737486407160759
1024,0.10246789455413818
1025,0.09291743487119675
1026,0.08341876417398453
1027,0.12231140583753586
1028,0.057480838149785995
1029,0.06208611652255058
1030,0.15108118951320648
1031,0.045055147260427475
1032,0.09148842096328735
1033,0.08978579193353653
1034,0.11617229133844376
1035,0.15034978091716766
1036,0.056277502328157425
1037,0.11998452991247177
1038,0.15799053013324738
1039,0.19655920565128326
1040,0.11366945505142212
1041,0.09170645475387573
1042,0.07139720767736435
1043,0.046951621770858765
1044,0.07424207031726837
1045,0.2006685584783554
1046,0.09546953439712524
1047,0.07861683517694473
1048,0.13173115253448486
1049,0.09633108228445053
1050,0.0957052931189537
1051,0.1070798859000206
1052,0.05180463194847107
1053,0.1403794288635254
1054,0.10122900456190109
1055,0.13426761329174042
1056,0.1033504381775856
1057,0.06962648034095764
1058,0.12020321935415268
1059,0.1371331512928009
1060,0.12188644707202911
1061,0.09069453179836273
1062,0.11743836849927902
1063,0.08341071009635925
1064,0.19896939396858215
1065,0.26284438371658325
1066,0.09730096906423569
1067,0.04859297350049019
1068,0.17648553848266602
1069,0.18368779122829437
1070,0.16969847679138184
1071,0.06998810172080994
1072,0.21287202835083008
1073,0.03898622468113899
1074,0.09235041588544846
1075,0.09726104885339737
1076,0.03892817720770836
1077,0.07705392688512802
1078,0.05700245127081871
1079,0.09837114810943604
1080,0.10771787166595459
1081,0.14036692678928375
1082,0.15827423334121704
1083,0.18630902469158173
1084,0.07471814006567001
1085,0.0743260309100151
1086,0.12762968242168427
1087,0.12179096043109894
1088,0.10864384472370148
1089,0.09234446287155151
1090,0.1660488396883011
1091,0.03562913462519646
1092,0.12688873708248138
1093,0.13533399999141693
1094,0.07969195395708084
1095,0.1348472386598587
1096,0.11774053424596786
1097,0.10869017988443375
1098,0.10920736938714981
1099,0.050858642905950546
1100,0.14738158881664276
1101,0.0758679211139679
1102,0.03397762402892113
1103,0.09640002250671387
1104,0.11672492325305939
1105,0.11653534322977066
1106,0.12225829809904099
1107,0.1535889357328415
1108,0.13132457435131073
1109,0.15628956258296967
1110,0.04703358933329582
1111,0.13658790290355682
1112,0.1985549032688141
1113,0.09051895141601562
1114,0.09938505291938782
1115,0.16346625983715057
1116,0.10452383756637573
1117,0.0846104770898819
1118,0.1017427071928978
1119,0.06859681755304337
1120,0.16614413261413574
1121,0.060451801866292953
1122,0.16688941419124603
1123,0.11750288307666779
1124,0.1804346889257431
1125,0.08092325180768967
1126,0.06636971235275269
1127,0.26157286763191223
1128,0.09655457735061646
1129,0.07648193091154099
1130,0.1903776079416275
1131,0.1294243186712265
1132,0.0784902349114418
1133,0.06374379247426987
1134,0.13074369728565216
1135,0.14680717885494232
1136,0.06208459660410881
1137,0.04599350690841675
1138,0.0793653130531311
1139,0.11226393282413483
1140,0.1252700239419937
1141,0.15546193718910217
1142,0.08067269623279572
1143,0.15663395822048187
1144,0.05346299335360527
1145,0.101933054625988
1146,0.028063585981726646
1147,0.07679630070924759
1148,0.17184780538082123
1149,0.08795905113220215
1150,0.1685463935136795
1151,0.12407336384057999
1152,0.12212269753217697
1153,0.10908132791519165
1154,0.09741770476102829
1155,0.07659965008497238
1156,0.08649476617574692
1157,0.24356205761432648
1158,0.08045034110546112
1159,0.18302693963050842
1160,0.09657567739486694
1161,0.10439115017652512
1162,0.09733545035123825
1163,0.1380617469549179
1164,0.10493846237659454
1165,0.07498610019683838
1166,0.08036378771066666
1167,0.08649501949548721
1168,0.045976705849170685
1169,0.13347205519676208
1170,0.14645785093307495
1171,0.0995541587471962
1172,0.19458074867725372
1173,0.13407771289348602
1174,0.1406743973493576
1175,0.051300834864377975
1176,0.09833573549985886
1177,0.15275731682777405
1178,0.11471690982580185
1179,0.1718694269657135
1180,0.1273408830165863
1181,0.03785746544599533
1182,0.1486380249261856
1183,0.09006432443857193
1184,0.07788670063018799
1185,0.2452702522277832
1186,0.10016763210296631
1187,0.1029098629951477
1188,0.15658672153949738
1189,0.06656159460544586
1190,0.08809780329465866
1191,0.16540122032165527
1192,0.051814306527376175
1193,0.09244498610496521
1194,0.2738879919052124
1195,0.12597079575061798
1196,0.12992382049560547
1197,0.10662958770990372
1198,0.07735240459442139
1199,0.09143734723329544
1200,0.1016688123345375
1201,0.07737552374601364
1202,0.10216820240020752
1203,0.06023367866873741
1204,0.2098337709903717
1205,0.08413081616163254
1206,0.10024215281009674
1207,0.04976026341319084
1208,0.09119090437889099
1209,0.10361907631158829
1210,0.07073182612657547
1211,0.15118364989757538
1212,0.07853696495294571
1213,0.24315424263477325
1214,0.07731392979621887
1215,0.17271116375923157
1216,0.08817996084690094
1217,0.08839116245508194
1218,0.16257333755493164
1219,0.11051930487155914
1220,0.06228530406951904
1221,0.11315090954303741
1222,0.10830219089984894
1223,0.08846276253461838
1224,0.08683983236551285
1225,0.12648986279964447
1226,0.10656764358282089
1227,0.06777939945459366
1228,0.17891862988471985
1229,0.045501869171857834
1230,0.10844709724187851
1231,0.10723195225000381
1232,0.08962096273899078
1233,0.1475428342819214
1234,0.07940629869699478
1235,0.10489176958799362
1236,0.13922058045864105
1237,0.07641072571277618
1238,0.2148132622241974
1239,0.08865382522344589
1240,0.0859031081199646
1241,0.05183872580528259
1242,0.08902610093355179
1243,0.1163284108042717
1244,0.11261216551065445
1245,0.07062689960002899
1246,0.11556055396795273
1247,0.17572879791259766
1248,0.08036128431558609
1249,0.1796644628047943
1250,0.09311580657958984
1251,0.09288175404071808
1252,0.20563161373138428
1253,0.13944180309772491
1254,0.09051904827356339
1255,0.13246585428714752
1256,0.11236026138067245
1257,0.056198764592409134
1258,0.10995262116193771
1259,0.1015656515955925
1260,0.1319095343351364
1261,0.1243758350610733
1262,0.1311727613210678
1263,0.11682102829217911
1264,0.13326537609100342
1265,0.06846055388450623
1266,0.08190615475177765
1267,0.10909944027662277
1268,0.13543656468391418
1269,0.12894096970558167
1270,0.10062732547521591
1271,0.07484502345323563
1272,0.10622493177652359
1273,0.1723463386297226
1274,0.14421401917934418
1275,0.10337106138467789
1276,0.06199740990996361
1277,0.1001138836145401
1278,0.1530001014471054
1279,0.15641343593597412
1280,0.21262358129024506
1281,0.2501547038555145
1282,0.1148601546883583
1283,0.05980956554412842
1284,0.07416298985481262
1285,0.1157132163643837
1286,0.08855964243412018
1287,0.0800679549574852
1288,0.19322022795677185
1289,0.09966415166854858
1290,0.05160791426897049
1291,0.13943612575531006
1292,0.06436845660209656
1293,0.07295536249876022
1294,0.0947757288813591
1295,0.08711975067853928
1296,0.14418458938598633
1297,0.05726301297545433
1298,0.09242110699415207
1299,0.054845500737428665
1300,0.10102664679288864
1301,0.12624679505825043
1302,0.06527561694383621
1303,0.12083720415830612
1304,0.07464978843927383
1305,0.19041137397289276
1306,0.0720243975520134
1307,0.11254602670669556
1308,0.19872304797172546
1309,0.16977012157440186
1310,0.1792224645614624
1311,0.11404374986886978
1312,0.05526859313249588
1313,0.11909689009189606
1314,0.03865258768200874
1315,0.10396923124790192
1316,0.06097369268536568
1317,0.09537101536989212
1318,0.058240484446287155
1319,0.11313426494598389
1320,0.08957622945308685
1321,0.12341632694005966
1322,0.06626611948013306
1323,0.08496874570846558
1324,0.2105739563703537
1325,0.11945784091949463
1326,0.10769809782505035
1327,0.07509110122919083
1328,0.09200363606214523
1329,0.19435589015483856
1330,0.08725940436124802
1331,0.08563750237226486
1332,0.12606889009475708
1333,0.06419151276350021
1334,0.1067325696349144
1335,0.2526457607746124
1336,0.065313421189785
1337,0.07645944505929947
1338,0.03637316823005676
1339,0.06551145762205124
1340,0.08586294949054718
1341,0.03932111710309982
1342,0.04974839463829994
1343,0.11085732281208038
1344,0.11862321943044662
1345,0.1552058905363083
1346,0.13073904812335968
1347,0.1163310781121254
1348,0.2077779620885849
1349,0.20485475659370422
1350,0.044509533792734146
1351,0.1475697010755539
1352,0.07153203338384628
1353,0.14433155953884125
1354,0.1488204449415207
1355,0.19243700802326202
1356,0.06818362325429916
1357,0.08210048824548721
1358,0.09183602780103683
1359,0.1661663055419922
1360,0.07441488653421402
1361,0.14310704171657562
1362,0.20114350318908691
1363,0.05126764997839928
1364,0.06285252422094345
1365,0.11793782562017441
1366,0.095728300511837
1367,0.12594731152057648
1368,0.07958599179983139
1369,0.10145242512226105
1370,0.19545315206050873
1371,0.0967860072851181
1372,0.1502092331647873
1373,0.08159798383712769
1374,0.06271620839834213
1375,0.08458112925291061
1376,0.1059282049536705
1377,0.033760298043489456
1378,0.09447934478521347
1379,0.20414841175079346
1380,0.23776939511299133
1381,0.22912807762622833
1382,0.03233388811349869
1383,0.028616804629564285
1384,0.08749599009752274
1385,0.057105328887701035
1386,0.07080740481615067
1387,0.06474526971578598
1388,0.057666368782520294
1389,0.06589677184820175
1390,0.04577059671282768
1391,0.15336215496063232
1392,0.11227201670408249
1393,0.05661339312791824
1394,0.09840919077396393
1395,0.043618228286504745
1396,0.06433000415563583
1397,0.081143818795681
1398,0.0627579316496849
1399,0.1639786958694458
1400,0.21450605988502502
1401,0.05225865915417671
1402,0.09292023628950119
1403,0.11604388058185577
1404,0.11512742191553116
1405,0.053913701325654984
1406,0.06994034349918365
1407,0.12133180350065231
1408,0.05024616792798042
1409,0.0970422700047493
1410,0.08441571146249771
1411,0.032923873513936996
1412,0.09044364094734192
1413,0.1026979610323906
1414,0.09780426323413849
1415,0.09395631402730942
1416,0.14789867401123047
1417,0.18642501533031464
1418,0.08546449989080429
1419,0.06551837176084518
1420,0.09332653135061264
1421,0.17481377720832825
1422,0.110697902739048
1423,0.07229625433683395
1424,0.16246582567691803
1425,0.17431195080280304
1426,0.14588557183742523
1427,0.11467573791742325
1428,0.15436598658561707
1429,0.06904619932174683
1430,0.13727663457393646
1431,0.09919571876525879
1432,0.13824450969696045
1433,0.061030615121126175
1434,0.16008260846138
1435,0.15873366594314575
1436,0.12886787950992584
1437,0.09283693879842758
1438,0.12781672179698944
1439,0.12317488342523575
1440,0.08138182759284973
1441,0.127471923828125
1442,0.1703922152519226
1443,0.07154684513807297
1444,0.09732320159673691
1445,0.14489315450191498
1446,0.053041864186525345
1447,0.10837121307849884
1448,0.08756885677576065
1449,0.059941377490758896
1450,0.15258291363716125
1451,0.09961434453725815
1452,0.1385508030653
1453,0.16012819111347198
1454,0.20971815288066864
1455,0.09480124711990356
1456,0.21441979706287384
1457,0.06611421704292297
1458,0.05950148031115532
1459,0.08427701145410538
1460,0.03273618966341019
1461,0.07330315560102463
1462,0.08959383517503738
1463,0.19143593311309814
1464,0.09555899351835251
1465,0.04220607876777649
1466,0.137478306889534
1467,0.16685345768928528
1468,0.0986826941370964
1469,0.07557660341262817
1470,0.11868613958358765
1471,0.08014138787984848
1472,0.054832637310028076
1473,0.04197586700320244
1474,0.19974593818187714
1475,0.08344466984272003
1476,0.08911652117967606
1477,0.07980114221572876
1478,0.09300481528043747
1479,0.04995283484458923
1480,0.08119960129261017
1481,0.06996816396713257
1482,0.09327229112386703
1483,0.04806522652506828
1484,0.19601602852344513
1485,0.05730380490422249
1486,0.09360340982675552
1487,0.07140898704528809
1488,0.04123101755976677
1489,0.1178818941116333
1490,0.16370552778244019
1491,0.1007835865020752
1492,0.12765921652317047
1493,0.1785726398229599
1494,0.172943577170372
1495,0.07597541064023972
1496,0.09240730851888657
1497,0.2271239310503006
1498,0.1325353980064392
1499,0.088749460875988
1500,0.16822193562984467
1501,0.12520308792591095
1502,0.07900484651327133
1503,0.12479192018508911
1504,0.11129220575094223
1505,0.07742822915315628
1506,0.07531221210956573
1507,0.12291323393583298
1508,0.09949125349521637
1509,0.08370167016983032
1510,0.12567608058452606
1511,0.05556228756904602
1512,0.07082527130842209
1513,0.12396766990423203
1514,0.05566442012786865
1515,0.09317684918642044
1516,0.07884588837623596
1517,0.15484081208705902
1518,0.09350446611642838
1519,0.08726364374160767
1520,0.09507512301206589
1521,0.07009163498878479
1522,0.2766754627227783
1523,0.0961456447839737
1524,0.06244999170303345
1525,0.04344043880701065
1526,0.10663451254367828
1527,0.04145700857043266
1528,0.14265404641628265
1529,0.13140085339546204
1530,0.20018349587917328
1531,0.07135746628046036
1532,0.09707826375961304
1533,0.10726238787174225
1534,0.13486497104167938
1535,0.0905630961060524
1536,0.15061159431934357
1537,0.1738998144865036
1538,0.052568938583135605
1539,0.10028834640979767
1540,0.12361103296279907
1541,0.14728951454162598
1542,0.09187928587198257
1543,0.09594885259866714
1544,0.08609161525964737
1545,0.05812032148241997
1546,0.13016344606876373
1547,0.11793737858533859
1548,0.11077027767896652
1549,0.08565371483564377
1550,0.04002901166677475
1551,0.1944843977689743
1552,0.10392578691244125
1553,0.13346819579601288
1554,0.155214324593544
1555,0.10618331283330917
1556,0.1261887550354004
1557,0.08426883071660995
1558,0.1017734557390213
1559,0.12075783312320709
1560,0.12833400070667267
1561,0.1360527127981186
1562,0.056169021874666214
1563,0.08835005760192871
1564,0.062021221965551376
1565,0.07370737195014954
1566,0.22577586770057678
1567,0.17752741277217865
1568,0.14234155416488647
1569,0.15067680180072784
1570,0.07410546392202377
1571,0.10298895090818405
1572,0.09767752885818481
1573,0.13029593229293823
1574,0.08427132666110992
1575,0.06954984366893768
1576,0.1848270744085312
1577,0.07927626371383667
1578,0.11342521756887436
1579,0.1137891411781311
1580,0.11463266611099243
1581,0.16353748738765717
1582,0.09896544367074966
1583,0.15002305805683136
1584,0.13011251389980316
1585,0.09243068844079971
1586,0.04677839204668999
1587,0.11778762191534042
1588,0.03901109844446182
1589,0.1752951592206955
1590,0.11975616216659546
1591,0.19752930104732513
1592,0.12185770273208618
1593,0.05418757349252701
1594,0.12948396801948547
1595,0.1875198632478714
1596,0.07593826204538345
1597,0.08089976757764816
1598,0.1130286455154419
1599,0.07387685030698776
1600,0.09874019026756287
1601,0.11411266773939133
1602,0.2164037525653839
1603,0.0993611291050911
1604,0.09745728969573975
1605,0.04647408053278923
1606,0.08087294548749924
1607,0.07026024907827377
1608,0.11961009353399277
1609,0.1322145313024521
1610,0.07511354982852936
1611,0.13537150621414185
1612,0.10051851719617844
1613,0.0965702161192894
1614,0.12237415462732315
1615,0.1612907350063324
1616,0.08629105240106583
1617,0.23040199279785156
1618,0.03599504753947258
1619,0.11814439296722412
1620,0.14500224590301514
1621,0.10001149028539658
1622,0.12819771468639374
1623,0.12647081911563873
1624,0.06343140453100204
1625,0.1406625211238861
1626,0.10900624841451645
1627,0.17275191843509674
1628,0.1004037857055664
1629,0.04411844536662102
1630,0.14416873455047607
1631,0.09153546392917633
1632,0.08155011385679245
1633,0.11238665878772736
1634,0.06516268104314804
1635,0.16429531574249268
1636,0.11580389738082886
1637,0.16731426119804382
1638,0.07059799879789352
1639,0.06310340017080307
1640,0.12693245708942413
1641,0.2734520435333252
1642,0.16909871995449066
1643,0.10313459485769272
1644,0.07792025804519653
1645,0.0405331552028656
1646,0.09010958671569824
1647,0.12051749229431152
1648,0.0992090255022049
1649,0.10969611257314682
1650,0.09409484267234802
1651,0.1840413510799408
1652,0.10528130829334259
1653,0.16259358823299408
1654,0.12699075043201447
1655,0.10567279905080795
1656,0.07785534113645554
1657,0.19496260583400726
1658,0.08353940397500992
1659,0.20683971047401428
1660,0.18581287562847137
1661,0.1922261267900467
1662,0.21521417796611786
1663,0.0746157169342041
1664,0.045489031821489334
1665,0.08833310008049011
1666,0.1281665414571762
1667,0.0776379331946373
1668,0.034266889095306396
1669,0.0710693746805191
1670,0.18023532629013062
1671,0.0871046707034111
1672,0.07734980434179306
1673,0.1799282282590866
1674,0.1112409383058548
1675,0.06820132583379745
1676,0.11473919451236725
1677,0.1864873468875885
1678,0.1152322068810463
1679,0.12464305013418198
1680,0.0897459015250206
1681,0.09116840362548828
1682,0.07782989740371704
1683,0.1152053102850914
1684,0.09327130764722824
1685,0.1374448984861374
1686,0.10077019780874252
1687,0.11482808738946915
1688,0.16517871618270874
1689,0.1796450912952423
1690,0.08720551431179047
1691,0.09533730149269104
1692,0.1283864825963974
1693,0.061603665351867676
1694,0.18663646280765533
1695,0.10566891729831696
1696,0.13699331879615784
1697,0.03385874256491661
1698,0.13348554074764252
1699,0.08539098501205444
1700,0.09129802137613297
1701,0.08873119205236435
1702,0.10377564281225204
1703,0.06920283287763596
1704,0.1294645220041275
1705,0.06178349256515503
1706,0.04785182699561119
1707,0.09428133070468903
1708,0.10610493272542953
1709,0.08494533598423004
1710,0.19979895651340485
1711,0.15875878930091858
1712,0.03420358523726463
1713,0.1020364761352539
1714,0.17237935960292816
1715,0.09708806872367859
1716,0.05823053792119026
1717,0.15335774421691895
1718,0.0714494064450264
1719,0.183425635099411
1720,0.028267521411180496
1721,0.03355209901928902
1722,0.07573498785495758
1723,0.06482654064893723
1724,0.06576032936573029
1725,0.12074477970600128
1726,0.03809409961104393
1727,0.053076088428497314
1728,0.14359477162361145
1729,0.08194883912801743
1730,0.1204892173409462
1731,0.09901496022939682
1732,0.14019633829593658
1733,0.060005176812410355
1734,0.08961089700460434
1735,0.04980511590838432
1736,0.14052313566207886
1737,0.07262559235095978
1738,0.04785361886024475
1739,0.08724801987409592
1740,0.08854439109563828
1741,0.18094110488891602
1742,0.08505791425704956
1743,0.09789013862609863
1744,0.09905470162630081
1745,0.06019549444317818
1746,0.09304513782262802
1747,0.11382164806127548
1748,0.0547751747071743
1749,0.19144515693187714
1750,0.04355574771761894
1751,0.06187400221824646
1752,0.12192247062921524
1753,0.07078363746404648
1754,0.0886470153927803
1755,0.1536317616701126
1756,0.11225777864456177
1757,0.07547260820865631
1758,0.17477385699748993
1759,0.06043167784810066
1760,0.09064938127994537
1761,0.21498918533325195
1762,0.05744348093867302
1763,0.2004839926958084
1764,0.12993980944156647
1765,0.12156021595001221
1766,0.13861387968063354
1767,0.08075149357318878
1768,0.11607954651117325
1769,0.07830904424190521
1770,0.15408499538898468
1771,0.09948968887329102
1772,0.114449642598629
1773,0.1047758013010025
1774,0.08183331042528152
1775,0.07879731059074402
1776,0.2278289645910263
1777,0.14298491179943085
1778,0.07384093850851059
1779,0.14908380806446075
1780,0.06090378388762474
1781,0.08486779779195786
1782,0.05170175060629845
1783,0.14569556713104248
1784,0.10717673599720001
1785,0.1985005885362625
1786,0.10621537268161774
1787,0.09515777975320816
1788,0.19321180880069733
1789,0.061315398663282394
1790,0.15892115235328674
1791,0.12348347157239914
1792,0.10835331678390503
1793,0.03893973305821419
1794,0.04025859013199806
1795,0.03211360424757004
1796,0.18742190301418304
1797,0.09174803644418716
1798,0.11475590616464615
1799,0.20027832686901093
1800,0.06863199919462204
1801,0.1153671070933342
1802,0.16376788914203644
1803,0.07227828353643417
1804,0.13237619400024414
1805,0.12279766798019409
1806,0.06634952872991562
1807,0.10948475450277328
1808,0.10215955227613449
1809,0.1158461943268776
1810,0.11077290028333664
1811,0.11653959006071091
1812,0.07935982197523117
1813,0.19930580258369446
1814,0.11782532930374146
1815,0.09443040937185287
1816,0.08984845876693726
1817,0.1562299281358719
1818,0.09939496964216232
1819,0.07663702964782715
1820,0.128239706158638
1821,0.12858648598194122
1822,0.11980403959751129
1823,0.0955524742603302
1824,0.07884534448385239
1825,0.12558260560035706
1826,0.1296156942844391
1827,0.09696127474308014
1828,0.06383661180734634
1829,0.18198645114898682
1830,0.0638023167848587
1831,0.08613619953393936
1832,0.07107818126678467
1833,0.14891432225704193
1834,0.23512807488441467
1835,0.10474611818790436
1836,0.0857304260134697
1837,0.09394438564777374
1838,0.16347862780094147
1839,0.12000825256109238
1840,0.09197187423706055
1841,0.0796779915690422
1842,0.19934409856796265
1843,0.13942527770996094
1844,0.10548557341098785
1845,0.12978342175483704
1846,0.08292006701231003
1847,0.22789998352527618
1848,0.1664983481168747
1849,0.15074972808361053
1850,0.06899026036262512
1851,0.1207227110862732
1852,0.09463217109441757
1853,0.12585754692554474
1854,0.15036694705486298
1855,0.12483396381139755
1856,0.06693221628665924
1857,0.08360772579908371
1858,0.08820924907922745
1859,0.1586998701095581
1860,0.09812495857477188
1861,0.06494981050491333
1862,0.0675312951207161
1863,0.13016162812709808
1864,0.08618630468845367
1865,0.08151116222143173
1866,0.096369169652462
1867,0.20258787274360657
1868,0.13365335762500763
1869,0.09890434890985489
1870,0.1544833928346634
1871,0.13645736873149872
1872,0.029740232974290848
1873,0.10785558074712753
1874,0.05924677848815918
1875,0.11603236198425293
1876,0.05734756216406822
1877,0.21794532239437103
1878,0.06958481669425964
1879,0.17494478821754456
1880,0.1493067592382431
1881,0.054849494248628616
1882,0.10190998762845993
1883,0.12478452175855637
1884,0.11359117180109024
1885,0.0827375203371048
1886,0.10298819839954376
1887,0.06114905700087547
1888,0.09536464512348175
1889,0.10761547088623047
1890,0.11231034994125366
1891,0.11138062924146652
1892,0.10220592468976974
1893,0.10064184665679932
1894,0.11275322735309601
1895,0.051404763013124466
1896,0.11780411005020142
1897,0.06948196142911911
1898,0.0943700447678566
1899,0.1246553584933281
1900,0.033020179718732834
1901,0.13087280094623566
1902,0.10135959833860397
1903,0.1673036366701126
1904,0.10466720908880234
1905,0.10014203935861588
1906,0.11744163185358047
1907,0.07354460656642914
1908,0.07501055300235748
1909,0.0929264947772026
1910,0.0992208942770958
1911,0.05430152639746666
1912,0.10816415399312973
1913,0.2030632495880127
1914,0.04239234700798988
1915,0.07618536800146103
1916,0.0916355773806572
1917,0.11684530973434448
1918,0.074299156665802
1919,0.1724829226732254
1920,0.2246164083480835
1921,0.057972270995378494
1922,0.039297204464673996
1923,0.07413626462221146
1924,0.05571359395980835
1925,0.09580182284116745
1926,0.07922504097223282
1927,0.142279252409935
1928,0.10989516228437424
1929,0.1626054048538208
1930,0.16921742260456085
1931,0.07157550007104874
1932,0.18128609657287598
1933,0.14248652756214142
1934,0.08008023351430893
1935,0.1790541708469391
1936,0.115888811647892
1937,0.08903367817401886
1938,0.16213802993297577
1939,0.0739646926522255
1940,0.2521553337574005
1941,0.053552597761154175
1942,0.05274946242570877
1943,0.05452845245599747
1944,0.17567260563373566
1945,0.08474766463041306
1946,0.24674823880195618
1947,0.08115365356206894
1948,0.09984705597162247
1949,0.10180007666349411
1950,0.07541455328464508
1951,0.17798972129821777
1952,0.14307838678359985
1953,0.10153497755527496
1954,0.1792050451040268
1955,0.16721801459789276
1956,0.10691370069980621
1957,0.062137871980667114
1958,0.13028672337532043
1959,0.1398361772298813
1960,0.031088819727301598
1961,0.26545318961143494
1962,0.13722462952136993
1963,0.1193704828619957
1964,0.07754873484373093
1965,0.12466683238744736
1966,0.0762929916381836
1967,0.11148760467767715
1968,0.1690228283405304
1969,0.08601618558168411
1970,0.15389087796211243
1971,0.07342401146888733
1972,0.11893858760595322
1973,0.061850666999816895
1974,0.06765254586935043
1975,0.09757308661937714
1976,0.14247767627239227
1977,0.1239200159907341
1978,0.05370616912841797
1979,0.06807307153940201
1980,0.08003547042608261
1981,0.20767717063426971
1982,0.08085465431213379
1983,0.11977403610944748
1984,0.12408333271741867
1985,0.1585043966770172
1986,0.13849909603595734
1987,0.0705048218369484
1988,0.13160502910614014
1989,0.08136861771345139
1990,0.08915442228317261
1991,0.07951544970273972
1992,0.024516334757208824
1993,0.09558188915252686
1994,0.05449916049838066
1995,0.07564087212085724
1996,0.06850366294384003
1997,0.0474453940987587
1998,0.07717148214578629
1999,0.15804922580718994
2000,0.13945232331752777
2001,0.07772476226091385
2002,0.12251021713018417
2003,0.14143693447113037
2004,0.06787395477294922
2005,0.16328607499599457
2006,0.08193004131317139
2007,0.060380127280950546
2008,0.09425584226846695
2009,0.08366379141807556
2010,0.04842787981033325
2011,0.12624600529670715
2012,0.02358241192996502
2013,0.12753520905971527
2014,0.1873670071363449
2015,0.08152835816144943
2016,0.1013798713684082
2017,0.07822208851575851
2018,0.13471393287181854
2019,0.10402923077344894
2020,0.07524535059928894
2021,0.09200707823038101
2022,0.09849368780851364
2023,0.18610142171382904
2024,0.14038784801959991
2025,0.09896522760391235
2026,0.05180602893233299
2027,0.17237651348114014
2028,0.07636582851409912
2029,0.09444247931241989
2030,0.17346873879432678
2031,0.09923429787158966
2032,0.05639166384935379
2033,0.10191868990659714
2034,0.12417339533567429
2035,0.1339433640241623
2036,0.15438911318778992
2037,0.13894787430763245
2038,0.10206285864114761
2039,0.0809960886836052
2040,0.1629488319158554
2041,0.11730793863534927
2042,0.13881568610668182
2043,0.07520947605371475
2044,0.06152097135782242
2045,0.049798641353845596
2046,0.0676899328827858
2047,0.1196460872888565
2048,0.148617222905159
2049,0.059664804488420486
2050,0.08274701982736588
2051,0.08129195123910904
2052,0.10959780216217041
2053,0.10865717381238937
2054,0.2000848799943924
2055,0.08603014796972275
2056,0.14360754191875458
2057,0.10876450687646866
2058,0.10237736999988556
2059,0.06647492945194244
2060,0.13485035300254822
2061,0.09228328615427017
2062,0.25340670347213745
2063,0.079250268638134
2064,0.07967633754014969
2065,0.10778768360614777
2066,0.09290526062250137
2067,0.06311172246932983
2068,0.05982573702931404
2069,0.17575682699680328
2070,0.0798526406288147
2071,0.1377975046634674
2072,0.11964882910251617
2073,0.13349206745624542
2074,0.0947769433259964
2075,0.12140872329473495
2076,0.08036264032125473
2077,0.07906819880008698
2078,0.234181210398674
2079,0.09549234062433243
2080,0.07090269774198532
2081,0.05322578549385071
2082,0.13517649471759796
2083,0.04166683554649353
2084,0.06150609254837036
2085,0.14776450395584106
2086,0.09103096276521683
2087,0.09937858581542969
2088,0.11805873364210129
2089,0.039072949439287186
2090,0.07638826221227646
2091,0.19704857468605042
2092,0.07302438467741013
2093,0.18240724503993988
2094,0.14632537961006165
2095,0.10387744009494781
2096,0.13828590512275696
2097,0.09113457053899765
2098,0.13170480728149414
2099,0.06832876801490784
2100,0.15309996902942657
2101,0.09123366326093674
2102,0.1301378756761551
2103,0.09737344086170197
2104,0.24458341300487518
2105,0.09878279268741608
2106,0.07421275228261948
2107,0.10589932650327682
2108,0.13657312095165253
2109,0.05035191774368286
2110,0.10778790712356567
2111,0.15671484172344208
2112,0.1512516587972641
2113,0.19394271075725555
2114,0.1269502192735672
2115,0.09202765673398972
2116,0.07509586960077286
2117,0.04662906751036644
2118,0.2032914161682129
2119,0.10039965063333511
2120,0.1417643129825592
2121,0.10180310159921646
2122,0.07346337288618088
2123,0.10655006021261215
2124,0.09249808639287949
2125,0.160859152674675
2126,0.06214623525738716
2127,0.061650969088077545
2128,0.07147137075662613
2129,0.12538334727287292
2130,0.10726874321699142
2131,0.2077089548110962
2132,0.1040719747543335
2133,0.08171842247247696
2134,0.09031844884157181
2135,0.07306008785963058
2136,0.11018142849206924
2137,0.2040160745382309
2138,0.08597036451101303
2139,0.10177073627710342
2140,0.13453851640224457
2141,0.18123501539230347
2142,0.14010632038116455
2143,0.10979634523391724
2144,0.24686311185359955
2145,0.12848500907421112
2146,0.11035937070846558
2147,0.09192917495965958
2148,0.14786112308502197
2149,0.07526534050703049
2150,0.08482861518859863
2151,0.11159081757068634
2152,0.09882801026105881
2153,0.26715871691703796
2154,0.131264328956604
2155,0.22201672196388245
2156,0.1359003633260727
2157,0.21412281692028046
2158,0.113050676882267
2159,0.05340933799743652
2160,0.0810130387544632
2161,0.05533624812960625
2162,0.03882553428411484
2163,0.1450791209936142
2164,0.1459575742483139
2165,0.06573052704334259
2166,0.14464785158634186
2167,0.0802786722779274
2168,0.05175038054585457
2169,0.05324956402182579
2170,0.0973648950457573
2171,0.0619603656232357
2172,0.0814274325966835
2173,0.08449806272983551
2174,0.11953027546405792
2175,0.07636972516775131
2176,0.14431306719779968
2177,0.07228109985589981
2178,0.08634816855192184
2179,0.07109915465116501
2180,0.11113359779119492
2181,0.20443487167358398
2182,0.1330440193414688
2183,0.15284936130046844
2184,0.135981485247612
2185,0.17901591956615448
2186,0.11390566825866699
2187,0.09996569156646729
2188,0.0532640777528286
2189,0.10263674706220627
2190,0.1382431536912918
2191,0.10628911107778549
2192,0.11204125732183456
2193,0.1295078843832016
2194,0.0651489719748497
2195,0.03589127957820892
2196,0.10203754901885986
2197,0.09701549261808395
2198,0.10701283067464828
2199,0.18798509240150452
2200,0.13892720639705658
2201,0.0703965574502945
2202,0.07342393696308136
2203,0.1120779737830162
2204,0.07489436119794846
2205,0.05671929195523262
2206,0.19107000529766083
2207,0.19860441982746124
2208,0.09117567539215088
2209,0.07413504272699356
2210,0.0850355252623558
2211,0.10647399723529816
2212,0.13725438714027405
2213,0.08595161885023117
2214,0.0942792296409607
2215,0.1592531055212021
2216,0.12282782793045044
2217,0.07937265932559967
2218,0.19783607125282288
2219,0.1503201723098755
2220,0.1229667067527771
2221,0.06701332330703735
2222,0.05841010808944702
2223,0.18486888706684113
2224,0.06808864325284958
2225,0.1424742341041565
2226,0.0862995907664299
2227,0.05825693532824516
2228,0.06329301744699478
2229,0.08078242093324661
2230,0.09320448338985443
2231,0.07134784013032913
2232,0.07608561962842941
2233,0.09786369651556015
2234,0.17230677604675293
2235,0.11560117453336716
2236,0.0906648263335228
2237,0.15590529143810272
2238,0.08575771003961563
2239,0.06502564251422882
2240,0.1484353393316269
2241,0.10264935344457626
2242,0.08864083886146545
2243,0.06841477006673813
2244,0.18244056403636932
2245,0.09247727692127228
2246,0.0980914831161499
2247,0.15908589959144592
2248,0.05401324853301048
2249,0.08059290051460266
2250,0.04045872017741203
2251,0.1001933142542839
2252,0.09693040698766708
2253,0.11776099354028702
2254,0.07208016514778137
2255,0.06177709251642227
2256,0.06673194468021393
2257,0.07497841119766235
2258,0.12263264507055283
2259,0.09084674715995789
2260,0.07228314876556396
2261,0.10375609248876572
2262,0.06526559591293335
2263,0.2499632090330124
2264,0.11361738294363022
2265,0.14049410820007324
2266,0.1314399540424347
2267,0.1131884828209877
2268,0.10158046334981918
2269,0.09046467393636703
2270,0.0718417689204216
2271,0.2069958746433258
2272,0.12392298132181168
2273,0.07812096923589706
2274,0.08879204839468002
2275,0.11082246154546738
2276,0.07570105046033859
2277,0.05787477642297745
2278,0.10684478282928467
2279,0.05696653947234154
2280,0.16321876645088196
2281,0.09253837913274765
2282,0.0751178190112114
2283,0.08293402940034866
2284,0.10238698869943619
2285,0.11733921617269516
2286,0.04773801192641258
2287,0.1665320098400116
2288,0.06652472168207169
2289,0.24292123317718506
2290,0.15383295714855194
2291,0.10570056736469269
2292,0.0823044404387474
2293,0.09890659898519516
2294,0.14218232035636902
2295,0.17060919106006622
2296,0.0783282145857811
2297,0.06646274775266647
2298,0.08489279448986053
2299,0.11494865268468857
2300,0.11632638424634933
2301,0.10389875620603561
2302,0.08414902538061142
2303,0.12999847531318665
2304,0.09477180987596512
2305,0.13796454668045044
2306,0.14467446506023407
2307,0.11402048170566559
2308,0.10306620597839355
2309,0.09067787975072861
2310,0.1497248113155365
2311,0.15313617885112762
2312,0.14285428822040558
2313,0.07782574743032455
2314,0.05557314306497574
2315,0.14418962597846985
2316,0.06560052186250687
2317,0.06443607062101364
2318,0.11883725970983505
2319,0.09429703652858734
2320,0.14511124789714813
2321,0.12279625982046127
2322,0.16559119522571564
2323,0.0808747410774231
2324,0.12984971702098846
2325,0.035881157964468
2326,0.14016883075237274
2327,0.15329982340335846
2328,0.11427855491638184
2329,0.09509080648422241
2330,0.09427714347839355
2331,0.10106636583805084
2332,0.11732286214828491
2333,0.08041254431009293
2334,0.0871465876698494
2335,0.17388242483139038
2336,0.0780336856842041
2337,0.0637994334101677
2338,0.13281667232513428
2339,0.10399480164051056
2340,0.14970898628234863
2341,0.13103151321411133
2342,0.2069745510816574
2343,0.12367286533117294
2344,0.1759224236011505
2345,0.08882492780685425
2346,0.06534184515476227
2347,0.15097592771053314
2348,0.11623919010162354
2349,0.13004037737846375
2350,0.19036638736724854
2351,0.06600623577833176
2352,0.07439764589071274
2353,0.12736578285694122
2354,0.17154568433761597
2355,0.1573154181241989
2356,0.08909217268228531
2357,0.13775289058685303
2358,0.06784584373235703
2359,0.07942391186952591
2360,0.07038766890764236
2361,0.08752881735563278
2362,0.1189141795039177
2363,0.12226100265979767
2364,0.18818069994449615
2365,0.03349737823009491
2366,0.07404488325119019
2367,0.05792081356048584
2368,0.08447151631116867
2369,0.14428433775901794
2370,0.1132824569940567
2371,0.09130958467721939
2372,0.17583933472633362
2373,0.08538220822811127
2374,0.2157447338104248
2375,0.08817658573389053
2376,0.05693758651614189
2377,0.10999193042516708
2378,0.12889616191387177
2379,0.11364694684743881
2380,0.06492788344621658
2381,0.16038596630096436
2382,0.13489972054958344
2383,0.07572323828935623
2384,0.21523945033550262
2385,0.11315840482711792
2386,0.1304258108139038
2387,0.16746270656585693
2388,0.10468821972608566
2389,0.1970781534910202
2390,0.14870493113994598
2391,0.10956566780805588
2392,0.1302751749753952
2393,0.15836109220981598
2394,0.09116901457309723
2395,0.07898771017789841
2396,0.10590936243534088
2397,0.13865499198436737
2398,0.0763130709528923
2399,0.09974975883960724
2400,0.1982828676700592
2401,0.0789216086268425
2402,0.10018398612737656
2403,0.21238112449645996
2404,0.02336680330336094
2405,0.16970565915107727
2406,0.10335300117731094
2407,0.10237234830856323
2408,0.09126105159521103
2409,0.06980312615633011
2410,0.07813933491706848
2411,0.18496756255626678
2412,0.1436144858598709
2413,0.06549473851919174
2414,0.09771730750799179
2415,0.19728967547416687
2416,0.10772807896137238
2417,0.06601911783218384
2418,0.1554177850484848
2419,0.136007621884346
2420,0.05633500963449478
2421,0.14033479988574982
2422,0.11088033020496368
2423,0.0593387745320797
2424,0.04486880823969841
2425,0.06408046931028366
2426,0.07687008380889893
2427,0.07420345395803452
2428,0.20723247528076172
2429,0.16956382989883423
2430,0.10120786726474762
2431,0.05903739854693413
2432,0.20614397525787354
2433,0.09254945814609528
2434,0.09157541394233704
2435,0.04847728833556175
2436,0.08214270323514938
2437,0.09812787920236588
2438,0.084421806037426
2439,0.07617802917957306
2440,0.13371238112449646
2441,0.1246141791343689
2442,0.1337002068758011
2443,0.057057078927755356
2444,0.05566667392849922
2445,0.13055257499217987
2446,0.19799549877643585
2447,0.09145740419626236
2448,0.21277594566345215
2449,0.22518670558929443
2450,0.1365237534046173
2451,0.1162995845079422
2452,0.09291515499353409
2453,0.09134972840547562
2454,0.04832296445965767
2455,0.05775739625096321
2456,0.0724790021777153
2457,0.06323033571243286
2458,0.11181874573230743
2459,0.038641106337308884
2460,0.11406240612268448
2461,0.078748919069767
2462,0.08449283987283707
2463,0.08661619573831558
2464,0.16348369419574738
2465,0.17795266211032867
2466,0.14884503185749054
2467,0.13175831735134125
2468,0.06885083764791489
2469,0.1551380306482315
2470,0.06219650059938431
2471,0.12086037546396255
2472,0.08659755438566208
2473,0.1131051555275917
2474,0.07582902908325195
2475,0.07482379674911499
2476,0.10192425549030304
2477,0.07705499976873398
2478,0.0885712280869484
2479,0.10174044221639633
2480,0.13557279109954834
2481,0.10237099230289459
2482,0.1547366827726364
2483,0.10493691265583038
2484,0.07067248225212097
2485,0.09868636727333069
2486,0.19084343314170837
2487,0.08079739660024643
2488,0.10745631903409958
2489,0.115657739341259
2490,0.10165765136480331
2491,0.15241733193397522
2492,0.14115528762340546
2493,0.17426522076129913
2494,0.13799679279327393
2495,0.16103437542915344
2496,0.1010674238204956
2497,0.19253377616405487
2498,0.062415000051259995
2499,0.21115556359291077
2500,0.05452233552932739
2501,0.05799518898129463
2502,0.09269124269485474
2503,0.07252666354179382
2504,0.24145589768886566
2505,0.18872147798538208
2506,0.07383637130260468
2507,0.11416830122470856
2508,0.17778949439525604
2509,0.13063421845436096
2510,0.05633414536714554
2511,0.1783006191253662
2512,0.07214292138814926
2513,0.22901372611522675
2514,0.11214762181043625
2515,0.15349340438842773
2516,0.05176433548331261
2517,0.06777974218130112
2518,0.08434267342090607
2519,0.05250535160303116
2520,0.05016898736357689
2521,0.13976705074310303
2522,0.15592096745967865
2523,0.028604885563254356
2524,0.06979081779718399
2525,0.08343596756458282
2526,0.1069866195321083
2527,0.10701403766870499
2528,0.09327542036771774
2529,0.11667225509881973
2530,0.21288207173347473
2531,0.14214876294136047
2532,0.1041044220328331
2533,0.0814211443066597
2534,0.09450918436050415
2535,0.08796171098947525
2536,0.08727885782718658
2537,0.061306823045015335
2538,0.10989200323820114
2539,0.11246774345636368
2540,0.10323691368103027
2541,0.19376574456691742
2542,0.06015721708536148
2543,0.11190404742956161
2544,0.0990036129951477
2545,0.20739565789699554
2546,0.0662568137049675
2547,0.129364013671875
2548,0.07591946423053741
2549,0.13113903999328613
2550,0.09947697073221207
2551,0.09117212891578674
2552,0.08941444754600525
2553,0.13495568931102753
2554,0.08499818295240402
2555,0.19134625792503357
2556,0.09876584261655807
2557,0.09185821563005447
2558,0.06527824699878693
2559,0.07813472300767899
2560,0.13060136139392853
2561,0.13442963361740112
2562,0.23591630160808563
2563,0.1504725217819214
2564,0.074754998087883
2565,0.10501839965581894
2566,0.17617228627204895
2567,0.17648480832576752
2568,0.055751170963048935
2569,0.056185949593782425
2570,0.09722881764173508
2571,0.09821148961782455
2572,0.09462626278400421
2573,0.10448356717824936
2574,0.041029393672943115
2575,0.13133291900157928
2576,0.05018585920333862
2577,0.10231568664312363
2578,0.11350593715906143
2579,0.06930183619260788
2580,0.042874641716480255
2581,0.1142139807343483
2582,0.05380257964134216
2583,0.12848582863807678
2584,0.11784596741199493
2585,0.12810686230659485
2586,0.10192995518445969
2587,0.09630029648542404
2588,0.11424510926008224
2589,0.18235476315021515
2590,0.08153551071882248
2591,0.09627319127321243
2592,0.12792204320430756
2593,0.1311914473772049
2594,0.14169040322303772
2595,0.04568510875105858
2596,0.15430162847042084
2597,0.10202568769454956
2598,0.0733189731836319
2599,0.03104257956147194
2600,0.1678621768951416
2601,0.20684614777565002
2602,0.11837035417556763
2603,0.10264420509338379
2604,0.038936957716941833
2605,0.04982155188918114
2606,0.08586960285902023
2607,0.16158144176006317
2608,0.042736995965242386
2609,0.09281131625175476
2610,0.1635327786207199
2611,0.09443631023168564
2612,0.07986252754926682
2613,0.10401582717895508
2614,0.05713179334998131
2615,0.13160599768161774
2616,0.053323663771152496
2617,0.2388063222169876
2618,0.15511256456375122
2619,0.09546452760696411
2620,0.1259867399930954
2621,0.07436450570821762
2622,0.06245364621281624
2623,0.1380256712436676
2624,0.1017037183046341
2625,0.1834109127521515
2626,0.068816177546978
2627,0.0804399847984314
2628,0.16853761672973633
2629,0.08257367461919785
2630,0.1388680338859558
2631,0.1359807252883911
2632,0.14728808403015137
2633,0.08614403754472733
2634,0.050453342497348785
2635,0.12137627601623535
2636,0.13738887012004852
2637,0.08921638131141663
2638,0.06494402140378952
2639,0.12737050652503967
2640,0.1362902671098709
2641,0.07425644248723984
2642,0.18992005288600922
2643,0.055266112089157104
2644,0.08178967982530594
2645,0.13990865647792816
2646,0.07246541976928711
2647,0.19341270625591278
2648,0.10617317259311676
2649,0.10962243378162384
2650,0.15983343124389648
2651,0.3038642704486847
2652,0.07686140388250351
2653,0.03787451237440109
2654,0.11978433281183243
2655,0.06799435615539551
2656,0.09092771261930466
2657,0.07473471015691757
2658,0.07912695407867432
2659,0.08650431782007217
2660,0.1096244603395462
2661,0.07256267219781876
2662,0.14157095551490784
2663,0.10234232246875763
2664,0.07826381921768188
2665,0.14092832803726196
2666,0.10127758979797363
2667,0.08229999989271164
2668,0.16079874336719513
2669,0.06196407601237297
2670,0.06741055101156235
2671,0.07815930247306824
2672,0.16168908774852753
2673,0.12398719787597656
2674,0.17198152840137482
2675,0.13622412085533142
2676,0.04752793908119202
2677,0.04414452239871025
2678,0.1626078188419342
2679,0.04100937396287918
2680,0.05674891546368599
2681,0.16579417884349823
2682,0.09331605583429337
2683,0.11582472175359726
2684,0.12377967685461044
2685,0.08415087312459946
2686,0.057854559272527695
2687,0.024510713294148445
2688,0.11438111215829849
2689,0.08883433789014816
2690,0.23848234117031097
2691,0.12834279239177704
2692,0.18658338487148285
2693,0.13409636914730072
2694,0.10405726730823517
2695,0.09457602351903915
2696,0.22043375670909882
2697,0.16957978904247284
2698,0.12022536993026733
2699,0.11304085701704025
2700,0.09426713734865189
2701,0.07254445552825928
2702,0.1755167692899704
2703,0.08465887606143951
2704,0.08846388012170792
2705,0.18280045688152313
2706,0.10725513845682144
2707,0.16680100560188293
2708,0.14793626964092255
2709,0.07458870112895966
2710,0.11887456476688385
2711,0.08384262770414352
2712,0.0794142410159111
2713,0.07068090885877609
2714,0.119084432721138
2715,0.09464892745018005
2716,0.07483329623937607
2717,0.06968919187784195
2718,0.13984058797359467
2719,0.12163617461919785
2720,0.09711617231369019
2721,0.17261682450771332
2722,0.22035732865333557
2723,0.10009471327066422
2724,0.10853105783462524
2725,0.15017031133174896
2726,0.07497835904359818
2727,0.08923458307981491
2728,0.06645434349775314
2729,0.1467563658952713
2730,0.16126702725887299
2731,0.10116276890039444
2732,0.10092461109161377
2733,0.05857691913843155
2734,0.17289519309997559
2735,0.05896997079253197
2736,0.05162055045366287
2737,0.05874868854880333
2738,0.11134648323059082
2739,0.12024145573377609
2740,0.140242800116539
2741,0.07729367911815643
2742,0.08316203951835632
2743,0.09680908918380737
2744,0.1521625816822052
2745,0.127284437417984
2746,0.08007580041885376
2747,0.1361677497625351
2748,0.1358507126569748
2749,0.09539895504713058
2750,0.1796002835035324
2751,0.1542210876941681
2752,0.06062529236078262
2753,0.06324438005685806
2754,0.12864522635936737
2755,0.16045133769512177
2756,0.22560201585292816
2757,0.08703190088272095
2758,0.08249630779027939
2759,0.06934444606304169
2760,0.06484327465295792
2761,0.10873685032129288
2762,0.1547883003950119
2763,0.06587562710046768
2764,0.10414593666791916
2765,0.0583006851375103
2766,0.09566669911146164
2767,0.10642706602811813
2768,0.17830365896224976
2769,0.10116245597600937
2770,0.17050614953041077
2771,0.06004021316766739
2772,0.06721904873847961
2773,0.09653504937887192
2774,0.10761115700006485
2775,0.06767568737268448
2776,0.19640138745307922
2777,0.09723776578903198
2778,0.07885131984949112
2779,0.13058988749980927
2780,0.132448211312294
2781,0.0700467973947525
2782,0.10198068618774414
2783,0.059590764343738556
2784,0.10384770482778549
2785,0.0778082087635994
2786,0.29425740242004395
2787,0.11043208837509155
2788,0.07448895275592804
2789,0.08610707521438599
2790,0.11463477462530136
2791,0.17087486386299133
2792,0.06363093852996826
2793,0.18963837623596191
2794,0.10029516369104385
2795,0.110672727227211
2796,0.10340944677591324
2797,0.07701625674962997
2798,0.10867828130722046
2799,0.10175390541553497
2800,0.1755347102880478
2801,0.08223769068717957
2802,0.07773462682962418
2803,0.12580381333827972
2804,0.10985860973596573
2805,0.13984762132167816
2806,0.13153579831123352
2807,0.051391709595918655
2808,0.1468779742717743
2809,0.0754273533821106
2810,0.1300867795944214
2811,0.11609252542257309
2812,0.07578133791685104
2813,0.1434411108493805
2814,0.16292324662208557
2815,0.10428925603628159
2816,0.11148183792829514
2817,0.12294932454824448
2818,0.11624615639448166
2819,0.08866478502750397
2820,0.20752541720867157
2821,0.12658220529556274
2822,0.05633395537734032
2823,0.07638104259967804
2824,0.14910566806793213
2825,0.13378894329071045
2826,0.11053939163684845
2827,0.17784616351127625
2828,0.25840458273887634
2829,0.1268366277217865
2830,0.053821172565221786
2831,0.08555688709020615
2832,0.08698691427707672
2833,0.14351043105125427
2834,0.04715854674577713
2835,0.15789173543453217
2836,0.11291034519672394
2837,0.15052375197410583
2838,0.11993753165006638
2839,0.06479515880346298
2840,0.036255188286304474
2841,0.14780788123607635
2842,0.13654018938541412
2843,0.03421943262219429
2844,0.2380295842885971
2845,0.09607687592506409
2846,0.13721399009227753
2847,0.1152937188744545
2848,0.08359452337026596
2849,0.13520447909832
2850,0.07467886060476303
2851,0.09741412848234177
2852,0.1502714306116104
2853,0.13151250779628754
2854,0.09581346809864044
2855,0.03184893727302551
2856,0.13196764886379242
2857,0.12343817204236984
2858,0.13791409134864807
2859,0.14024199545383453
2860,0.13161103427410126
2861,0.08991248905658722
2862,0.09129484742879868
2863,0.12635405361652374
2864,0.12686215341091156
2865,0.09968356043100357
2866,0.1297837793827057
2867,0.04580129310488701
2868,0.0846298485994339
2869,0.10520801693201065
2870,0.11979307979345322
2871,0.061814870685338974
2872,0.06250912696123123
2873,0.21137474477291107
2874,0.12379572540521622
2875,0.14323356747627258
2876,0.10005004703998566
2877,0.13844284415245056
2878,0.08668897300958633
2879,0.13287843763828278
2880,0.04941972345113754
2881,0.0999341681599617
2882,0.14517711102962494
2883,0.13560077548027039
2884,0.15353110432624817
2885,0.1551802158355713
2886,0.061119984835386276
2887,0.11208554357290268
2888,0.11968376487493515
2889,0.12158166617155075
2890,0.02668175660073757
2891,0.07192911952733994
2892,0.1754809468984604
2893,0.0730418786406517
2894,0.061219263821840286
2895,0.0974184051156044
2896,0.17762629687786102
2897,0.16603560745716095
2898,0.21121430397033691
2899,0.07061121612787247
2900,0.06086880713701248
2901,0.12313007563352585
2902,0.07182526588439941
2903,0.13108959794044495
2904,0.15715013444423676
2905,0.1011621281504631
2906,0.10366510599851608
2907,0.13310252130031586
2908,0.08703812211751938
2909,0.15859264135360718
2910,0.09448942542076111
2911,0.12704713642597198
2912,0.09647630900144577
2913,0.21722589433193207
2914,0.03318432345986366
2915,0.12805591523647308
2916,0.10882933437824249
2917,0.0630456730723381
2918,0.07781343907117844
2919,0.13914786279201508
2920,0.1374000757932663
2921,0.09424291551113129
2922,0.11885195225477219
2923,0.06884191930294037
2924,0.07184597849845886
2925,0.13729524612426758
2926,0.17124953866004944
2927,0.15820756554603577
2928,0.12185215950012207
2929,0.0995863825082779
2930,0.07787620276212692
2931,0.17597101628780365
2932,0.139479398727417
2933,0.19947899878025055
2934,0.05200975015759468
2935,0.10574691742658615
2936,0.14168624579906464
2937,0.12466807663440704
2938,0.14149829745292664
2939,0.12503688037395477
2940,0.062400735914707184
2941,0.15508389472961426
2942,0.10793115943670273
2943,0.09059718251228333
2944,0.1255674958229065
2945,0.08344332128763199
2946,0.06347086280584335
2947,0.07042781263589859
2948,0.05333343893289566
2949,0.08095169067382812
2950,0.13043272495269775
2951,0.13425853848457336
2952,0.14609599113464355
2953,0.08717533946037292
2954,0.06694624572992325
2955,0.07642032951116562
2956,0.11293677240610123
2957,0.14952127635478973
2958,0.19151802361011505
2959,0.06302690505981445
2960,0.10680332034826279
2961,0.1176842451095581
2962,0.18279042840003967
2963,0.1013263687491417
2964,0.14607444405555725
2965,0.04904327169060707
2966,0.08673903346061707
2967,0.06972014904022217
2968,0.09978515654802322
2969,0.15405583381652832
2970,0.09731356799602509
2971,0.17850470542907715
2972,0.061845388263463974
2973,0.06884633749723434
2974,0.06964706629514694
2975,0.20404711365699768
2976,0.18721163272857666
2977,0.2102968543767929
2978,0.092415452003479
2979,0.04334045201539993
2980,0.0996391549706459
2981,0.08946727961301804
2982,0.14428377151489258
2983,0.06057492643594742
2984,0.05757315829396248
2985,0.07551466673612595
2986,0.10340716689825058
2987,0.1387716829776764
2988,0.08753518015146255
2989,0.09414641559123993
2990,0.055691029876470566
2991,0.13632862269878387
2992,0.060764919966459274
2993,0.12072262912988663
2994,0.09289612621068954
2995,0.13740003108978271
2996,0.0939536914229393
2997,0.13913361728191376
2998,0.17865808308124542
2999,0.1605672985315323
3000,0.11364545673131943
3001,0.0999152883887291
3002,0.04790232330560684
3003,0.12605686485767365
3004,0.06978961080312729
3005,0.046903833746910095
3006,0.11352177709341049
3007,0.060908157378435135
3008,0.05724464729428291
3009,0.14271029829978943
3010,0.09314756840467453
3011,0.11223836988210678
3012,0.0801520124077797
3013,0.04020863026380539
3014,0.1362973153591156
3015,0.13640205562114716
3016,0.1412646472454071
3017,0.10937433689832687
3018,0.06679677963256836
3019,0.09547869116067886
3020,0.11556422710418701
3021,0.05648235231637955
3022,0.05140089988708496
3023,0.12717753648757935
3024,0.12319395691156387
3025,0.04907728359103203
3026,0.21010790765285492
3027,0.09356478601694107
3028,0.09551887959241867
3029,0.14530819654464722
3030,0.033077172935009
3031,0.021772442385554314
3032,0.10871980339288712
3033,0.04084083065390587
3034,0.16767700016498566
3035,0.04409250617027283
3036,0.09897999465465546
3037,0.20984037220478058
3038,0.02912961319088936
3039,0.14505605399608612
3040,0.10302790254354477
3041,0.16531720757484436
3042,0.0757327601313591
3043,0.0815635472536087
3044,0.09544556587934494
3045,0.09119323641061783
3046,0.31314852833747864
3047,0.11513972282409668
3048,0.15282371640205383
3049,0.040807683020830154
3050,0.11084246635437012
3051,0.07167594134807587
3052,0.1572401225566864
3053,0.07780984789133072
3054,0.1599496454000473
3055,0.08594587445259094
3056,0.10251287370920181
3057,0.05989788845181465
3058,0.03537343814969063
3059,0.11008025705814362
3060,0.06681257486343384
3061,0.11772941797971725
3062,0.13725073635578156
3063,0.11760788410902023
3064,0.19965744018554688
3065,0.1576598584651947
3066,0.043419886380434036
3067,0.1189957857131958
3068,0.06268300861120224
3069,0.09223663061857224
3070,0.12729263305664062
3071,0.0697619691491127
3072,0.0629797950387001
3073,0.057003457099199295
3074,0.10015492886304855
3075,0.10567587614059448
3076,0.16924171149730682
3077,0.12672026455402374
3078,0.14620397984981537
3079,0.18413177132606506
3080,0.07047359645366669
3081,0.11399485170841217
3082,0.12004122883081436
3083,0.091920867562294
3084,0.07892986387014389
3085,0.10093741863965988
3086,0.07854568213224411
3087,0.21943096816539764
3088,0.12259405106306076
3089,0.20747600495815277
3090,0.08762131631374359
3091,0.17380502820014954
3092,0.10605809837579727
3093,0.1051519438624382
3094,0.11493189632892609
3095,0.15984554588794708
3096,0.10776251554489136
3097,0.07267533987760544
3098,0.12341552972793579
3099,0.11735683679580688
3100,0.11251747608184814
3101,0.1385904997587204
3102,0.15367664396762848
3103,0.028975987806916237
3104,0.058341290801763535
3105,0.12253312021493912
3106,0.08804600685834885
3107,0.07418634742498398
3108,0.11166701465845108
3109,0.07426541298627853
3110,0.07009001821279526
3111,0.07081791013479233
3112,0.16045089066028595
3113,0.08201975375413895
3114,0.1635797917842865
3115,0.055898722261190414
3116,0.13562233746051788
3117,0.15373112261295319
3118,0.07352695614099503
3119,0.09167125076055527
3120,0.06113441661000252
3121,0.07018429785966873
3122,0.11305876821279526
3123,0.09316448122262955
3124,0.07763618230819702
3125,0.15950869023799896
3126,0.07920434325933456
3127,0.10881855338811874
3128,0.08262895792722702
3129,0.12336214631795883
3130,0.10685484856367111
3131,0.0679956004023552
3132,0.1729942113161087
3133,0.17102403938770294
3134,0.04269568622112274
3135,0.07789891213178635
3136,0.05120714381337166
3137,0.12713447213172913
3138,0.16318635642528534
3139,0.16628581285476685
3140,0.14423613250255585
3141,0.07658093422651291
3142,0.1322488933801651
3143,0.08060672879219055
3144,0.10915539413690567
3145,0.06443464010953903
3146,0.1615830808877945
3147,0.10598563402891159
3148,0.06101851537823677
3149,0.11564665287733078
3150,0.06783777475357056
3151,0.08055756986141205
3152,0.22780071198940277
3153,0.07537271082401276
3154,0.17435872554779053
3155,0.055095624178647995
3156,0.10060466825962067
3157,0.10704036802053452
3158,0.199198916554451
3159,0.05227656289935112
3160,0.0816720724105835
3161,0.11301275342702866
3162,0.03900011256337166
3163,0.0384417325258255
3164,0.1288003921508789
3165,0.10447173565626144
3166,0.1344180703163147
3167,0.21284428238868713
3168,0.06738152354955673
3169,0.1139235720038414
3170,0.09221573173999786
3171,0.11235177516937256
3172,0.09791978448629379
3173,0.1352221518754959
3174,0.3136524558067322
3175,0.1198480948805809
3176,0.21402959525585175
3177,0.13821430504322052
3178,0.2291923612356186
3179,0.043143127113580704
3180,0.09095015376806259
3181,0.052890878170728683
3182,0.06418060511350632
3183,0.18436186015605927
3184,0.09097286313772202
3185,0.06019344553351402
3186,0.0698477253317833
3187,0.12215862423181534
3188,0.07713138312101364
3189,0.16528816521167755
3190,0.1488575041294098
3191,0.16825097799301147
3192,0.03349888324737549
3193,0.16843722760677338
3194,0.033389389514923096
3195,0.07220843434333801
3196,0.19508586823940277
3197,0.07557123899459839
3198,0.265787810087204
3199,0.09753662347793579
3200,0.10681241750717163
3201,0.07388903200626373
3202,0.06563806533813477
3203,0.09780754894018173
3204,0.061827123165130615
3205,0.11012514680624008
3206,0.1778642237186432
3207,0.1428927332162857
3208,0.10676443576812744
3209,0.13350418210029602
3210,0.13624617457389832
3211,0.1266688108444214
3212,0.19525718688964844
3213,0.17722392082214355
3214,0.06446344405412674
3215,0.0811692550778389
3216,0.10941395908594131
3217,0.05486017465591431
3218,0.05303984507918358
3219,0.037585966289043427
3220,0.07507041841745377
3221,0.10361423343420029
3222,0.04393425211310387
3223,0.17985905706882477
3224,0.1826932728290558
3225,0.0536714605987072
3226,0.1516055315732956
3227,0.17937827110290527
3228,0.09021332859992981
3229,0.11770718544721603
3230,0.0894789919257164
3231,0.12832297384738922
3232,0.1735614836215973
3233,0.08374596387147903
3234,0.16511011123657227
3235,0.12791326642036438
3236,0.2602413594722748
3237,0.05525599792599678
3238,0.09788135439157486
3239,0.12913069128990173
3240,0.09956731647253036
3241,0.14698487520217896
3242,0.09508763998746872
3243,0.11705336719751358
3244,0.08247744292020798
3245,0.15521006286144257
3246,0.1725623458623886
3247,0.0497196763753891
3248,0.1442270129919052
3249,0.06525058299303055
3250,0.1244453713297844
3251,0.11901769787073135
3252,0.08769992738962173
3253,0.12514685094356537
3254,0.0603063590824604
3255,0.1047782450914383
3256,0.08360212296247482
3257,0.04562467336654663
3258,0.07268590480089188
3259,0.13832701742649078
3260,0.08812759071588516
3261,0.10177681595087051
3262,0.11273033916950226
3263,0.1731734722852707
3264,0.06202753260731697
3265,0.043109044432640076
3266,0.08066936582326889
3267,0.18659080564975739
3268,0.10252060741186142
3269,0.14819520711898804
3270,0.09205272048711777
3271,0.09345938265323639
3272,0.03589421883225441
3273,0.0949907898902893
3274,0.09322487562894821
3275,0.10990241914987564
3276,0.12029953300952911
3277,0.07638820260763168
3278,0.13198773562908173
3279,0.06525833159685135
3280,0.14152827858924866
3281,0.24983493983745575
3282,0.033904992043972015
3283,0.09284879267215729
3284,0.14209507405757904
3285,0.06908721476793289
3286,0.1770254671573639
3287,0.1288527548313141
3288,0.11583574116230011
3289,0.20250926911830902
3290,0.09987545758485794
3291,0.16828377544879913
3292,0.11866984516382217
3293,0.07506687939167023
3294,0.20873704552650452
3295,0.10250934213399887
3296,0.07636147737503052
3297,0.2052617371082306
3298,0.12471403926610947
3299,0.1253983974456787
3300,0.08273177593946457
3301,0.13781826198101044
3302,0.11189287900924683
3303,0.2881036698818207
3304,0.11886384338140488
3305,0.1500040590763092
3306,0.05870466306805611
3307,0.14102593064308167
3308,0.21616549789905548
3309,0.05387140437960625
3310,0.11002679169178009
3311,0.10005154460668564
3312,0.07660184055566788
3313,0.1530832201242447
3314,0.1401243656873703
3315,0.20066629350185394
3316,0.03177918121218681
3317,0.08567825704813004
3318,0.09646628051996231
3319,0.17330023646354675
3320,0.0732974112033844
3321,0.11917846649885178
3322,0.1731099933385849
3323,0.1366357058286667
3324,0.12894849479198456
3325,0.10750503838062286
3326,0.049901437014341354
3327,0.14393387734889984
3328,0.07105118036270142
3329,0.11915059387683868
3330,0.12965010106563568
3331,0.04952693730592728
3332,0.06381987035274506
3333,0.09278978407382965
3334,0.09368633478879929
3335,0.07112323492765427
3336,0.10132550448179245
3337,0.1844208687543869
3338,0.09657090157270432
3339,0.09745273739099503
3340,0.1271340548992157
3341,0.06516053527593613
3342,0.06917405128479004
3343,0.09675227850675583
3344,0.05208238959312439
3345,0.05771712213754654
3346,0.13091853260993958
3347,0.10302050411701202
3348,0.03315804526209831
3349,0.1315043419599533
3350,0.1035110354423523
3351,0.05126311257481575
3352,0.0868002399802208
3353,0.20252838730812073
3354,0.05212174728512764
3355,0.160905122756958
3356,0.13270485401153564
3357,0.18813574314117432
3358,0.0998677909374237
3359,0.08786985278129578
3360,0.2627047002315521
3361,0.23387984931468964
3362,0.128524050116539
3363,0.06901777535676956
3364,0.06864335387945175
3365,0.10505793243646622
3366,0.10197152197360992
3367,0.10613404959440231
3368,0.0906500443816185
3369,0.1189737319946289
3370,0.07787211239337921
3371,0.12957653403282166
3372,0.11074497550725937
3373,0.10898327827453613
3374,0.12115496397018433
3375,0.10800153017044067
3376,0.06377839297056198
3377,0.11711030453443527
3378,0.08781304210424423
3379,0.08557016402482986
3380,0.16612713038921356
3381,0.08058357238769531
3382,0.11350064724683762
3383,0.11139311641454697
3384,0.03470035642385483
3385,0.11441294103860855
3386,0.15715889632701874
3387,0.13250237703323364
3388,0.08759167045354843
3389,0.11998402327299118
3390,0.10963503271341324
3391,0.07620535790920258
3392,0.12905137240886688
3393,0.04810468479990959
3394,0.12235092371702194
3395,0.10557985305786133
3396,0.25957298278808594
3397,0.07740477472543716
3398,0.09054502099752426
3399,0.12074724584817886
3400,0.15722355246543884
3401,0.06190457567572594
3402,0.10148727148771286
3403,0.15957511961460114
3404,0.11245536804199219
3405,0.11281020939350128
3406,0.12681332230567932
3407,0.0965496078133583
3408,0.1660418063402176
3409,0.22142143547534943
3410,0.045187339186668396
3411,0.11147003620862961
3412,0.19303973019123077
3413,0.0818597823381424
3414,0.18903236091136932
3415,0.05967321619391441
3416,0.14757175743579865
3417,0.14137990772724152
3418,0.09877420961856842
3419,0.2086925357580185
3420,0.1816980093717575
3421,0.1240275427699089
3422,0.05613694339990616
3423,0.07173971086740494
3424,0.036785420030355453
3425,0.06538169831037521
